{
"skeleton": { "hash": "mxKW2UKJdsw", "spine": "4.2.40", "x": -184, "y": -4, "width": 368, "height": 146 },
"bones": [
	{ "name": "root" },
	{ "name": "corpus", "parent": "root", "length": 49.34, "rotation": -90, "y": 110 },
	{ "name": "arm-right", "parent": "corpus", "length": 74.33, "rotation": 90, "y": 32 },
	{ "name": "hand-right2", "parent": "arm-right", "length": 70.02, "x": 80 },
	{ "name": "arm-left", "parent": "corpus", "length": 74.33, "rotation": -90, "y": -32 },
	{ "name": "hend-left2", "parent": "arm-left", "length": 74.3, "x": 80 },
	{ "name": "leg-left", "parent": "corpus", "length": 74.16, "x": 50, "y": -32 },
	{ "name": "leg-right", "parent": "corpus", "length": 73.32, "x": 50, "y": 32 }
],
"slots": [
	{ "name": "corpus", "bone": "corpus", "attachment": "block" },
	{ "name": "smile2", "bone": "corpus", "attachment": "smile" },
	{ "name": "arm-right", "bone": "arm-right", "attachment": "block" },
	{ "name": "block3", "bone": "hand-right2", "attachment": "block" },
	{ "name": "arm-left", "bone": "arm-left", "attachment": "block" },
	{ "name": "block4", "bone": "hend-left2", "attachment": "block" },
	{ "name": "leg-left", "bone": "leg-left", "attachment": "block" },
	{ "name": "leg-right", "bone": "leg-right", "attachment": "block" }
],
"skins": [
	{
		"name": "default",
		"attachments": {
			"arm-left": {
				"block": { "x": 48, "scaleX": 0.5, "rotation": 90, "width": 64, "height": 64 }
			},
			"arm-right": {
				"block": { "x": 48, "scaleX": 0.5, "rotation": 90, "width": 64, "height": 64 }
			},
			"block3": {
				"block": { "x": 40, "scaleX": 0.5, "rotation": 90, "width": 64, "height": 64 }
			},
			"block4": {
				"block": { "x": 40, "scaleX": 0.5, "rotation": 90, "width": 64, "height": 64 }
			},
			"corpus": {
				"block": { "rotation": -90, "width": 64, "height": 64 }
			},
			"leg-left": {
				"block": { "x": 32, "scaleX": 0.5, "rotation": 90, "width": 64, "height": 64 }
			},
			"leg-right": {
				"block": { "x": 32, "scaleX": 0.5, "rotation": 90, "width": 64, "height": 64 }
			},
			"smile2": {
				"smile": { "y": 2, "rotation": 90, "width": 64, "height": 64 }
			}
		}
	}
],
"animations": {
	"idle": {
		"bones": {
			"corpus": {
				"rotate": [
					{
						"curve": [ 0.111, 9.33, 0.222, 28.5 ]
					},
					{
						"time": 0.3333,
						"value": 28.5,
						"curve": [ 0.444, 28.5, 0.556, 9.33 ]
					},
					{
						"time": 0.6667,
						"curve": [ 0.778, -9.33, 0.889, -27.51 ]
					},
					{
						"time": 1,
						"value": -27.51,
						"curve": [ 1.111, -27.51, 1.222, -9.33 ]
					},
					{ "time": 1.3333 }
				],
				"translate": [
					{
						"curve": [ 0.111, 29.34, 0.222, 84.76, 0.111, 1.1, 0.222, 2.6 ]
					},
					{
						"time": 0.3333,
						"x": 84.76,
						"y": 2.6,
						"curve": [ 0.444, 84.76, 0.556, 29.34, 0.444, 2.6, 0.556, 1.1 ]
					},
					{
						"time": 0.6667,
						"curve": [ 0.778, -29.34, 0.889, -91.27, 0.778, -1.1, 0.889, -3.98 ]
					},
					{
						"time": 1,
						"x": -91.27,
						"y": -3.98,
						"curve": [ 1.111, -91.27, 1.222, -29.34, 1.111, -3.98, 1.222, -1.1 ]
					},
					{ "time": 1.3333 }
				]
			},
			"arm-left": {
				"rotate": [
					{
						"value": -59.93,
						"curve": [ 0.111, -59.93, 0.222, -46.71 ]
					},
					{
						"time": 0.3333,
						"value": -46.71,
						"curve": [ 0.444, -46.71, 0.556, -59.93 ]
					},
					{
						"time": 0.6667,
						"value": -59.93,
						"curve": [ 0.778, -59.93, 0.889, -5.9 ]
					},
					{
						"time": 1,
						"value": -5.9,
						"curve": [ 1.111, -5.9, 1.222, -59.93 ]
					},
					{ "time": 1.3333, "value": -59.93 }
				]
			},
			"hend-left2": {
				"rotate": [
					{
						"value": -106.09,
						"curve": [ 0.111, -106.09, 0.222, -87.31 ]
					},
					{
						"time": 0.3333,
						"value": -87.31,
						"curve": [ 0.444, -87.31, 0.556, -106.09 ]
					},
					{
						"time": 0.6667,
						"value": -106.09,
						"curve": [ 0.778, -106.09, 0.889, -45.74 ]
					},
					{
						"time": 1,
						"value": -45.74,
						"curve": [ 1.111, -45.74, 1.222, -106.09 ]
					},
					{ "time": 1.3333, "value": -106.09 }
				]
			},
			"arm-right": {
				"rotate": [
					{
						"value": 59.45,
						"curve": [ 0.111, 59.45, 0.222, 7.8 ]
					},
					{
						"time": 0.3333,
						"value": 7.8,
						"curve": [ 0.444, 7.8, 0.556, 59.45 ]
					},
					{
						"time": 0.6667,
						"value": 59.45,
						"curve": [ 0.778, 59.45, 0.889, 43.61 ]
					},
					{
						"time": 1,
						"value": 43.61,
						"curve": [ 1.111, 43.61, 1.222, 59.45 ]
					},
					{ "time": 1.3333, "value": 59.45 }
				]
			},
			"hand-right2": {
				"rotate": [
					{
						"value": 106.48,
						"curve": [ 0.111, 106.48, 0.222, 32.97 ]
					},
					{
						"time": 0.3333,
						"value": 32.97,
						"curve": [ 0.444, 32.97, 0.556, 106.48 ]
					},
					{
						"time": 0.6667,
						"value": 106.48,
						"curve": [ 0.778, 106.48, 0.889, 83.13 ]
					},
					{
						"time": 1,
						"value": 83.13,
						"curve": [ 1.111, 83.13, 1.222, 106.48 ]
					},
					{ "time": 1.3333, "value": 106.48 }
				]
			},
			"leg-left": {
				"rotate": [
					{
						"curve": [ 0.111, -12.63, 0.222, -40.23 ]
					},
					{
						"time": 0.3333,
						"value": -40.23,
						"curve": [ 0.444, -40.23, 0.556, -12.63 ]
					},
					{
						"time": 0.6667,
						"curve": [ 0.778, 12.63, 0.889, 35.55 ]
					},
					{
						"time": 1,
						"value": 35.55,
						"curve": [ 1.111, 35.55, 1.222, 12.63 ]
					},
					{ "time": 1.3333 }
				]
			},
			"leg-right": {
				"rotate": [
					{
						"curve": [ 0.111, -12.94, 0.222, -38.79 ]
					},
					{
						"time": 0.3333,
						"value": -38.79,
						"curve": [ 0.444, -38.79, 0.556, -12.94 ]
					},
					{
						"time": 0.6667,
						"curve": [ 0.778, 12.94, 0.889, 38.83 ]
					},
					{
						"time": 1,
						"value": 38.83,
						"curve": [ 1.111, 38.83, 1.222, 12.94 ]
					},
					{ "time": 1.3333 }
				]
			}
		}
	}
}
}