{
"skeleton": { "hash": "v3g8dA+ireg", "spine": "4.2.40", "x": -184.07, "y": -4, "width": 368.18, "height": 146 },
"bones": [
	{ "name": "root" },
	{ "name": "corpus", "parent": "root", "length": 49.34, "rotation": -90, "y": 110 },
	{ "name": "arm-right", "parent": "corpus", "length": 74.33, "rotation": 90, "y": 32 },
	{ "name": "arm-left", "parent": "corpus", "length": 74.33, "rotation": -90, "y": -32 },
	{ "name": "leg-left", "parent": "corpus", "length": 74.16, "x": 50, "y": -32 },
	{ "name": "leg-right", "parent": "corpus", "length": 73.32, "x": 50, "y": 32 },
	{ "name": "hend-left", "parent": "arm-left", "length": 74.3, "x": 80 },
	{ "name": "hand-right", "parent": "arm-right", "length": 70.02, "x": 80 },
	{ "name": "left-target", "parent": "root", "x": -192.44, "y": 110.76 },
	{ "name": "right-target", "parent": "root", "x": 195.39, "y": 111.15 }
],
"slots": [
	{ "name": "leg-right", "bone": "leg-right", "attachment": "block" },
	{ "name": "leg-left", "bone": "leg-left", "attachment": "block" },
	{ "name": "corpus", "bone": "corpus", "attachment": "block" },
	{ "name": "smile", "bone": "corpus", "attachment": "smile" },
	{ "name": "arm-right", "bone": "arm-right", "attachment": "block" },
	{ "name": "arm-left", "bone": "arm-left", "attachment": "block" },
	{ "name": "block", "bone": "hand-right", "attachment": "block" },
	{ "name": "block2", "bone": "hend-left", "attachment": "block" }
],
"ik": [
	{
		"name": "left-target",
		"bones": [ "arm-left", "hend-left" ],
		"target": "left-target",
		"bendPositive": false
	},
	{
		"name": "right-target",
		"order": 1,
		"bones": [ "arm-right", "hand-right" ],
		"target": "right-target"
	}
],
"physics": [
	{ "name": "leg-left", "order": 3, "bone": "leg-left", "rotate": 1, "inertia": 0.5, "damping": 0.85 },
	{ "name": "leg-right", "order": 2, "bone": "leg-right", "rotate": 1, "inertia": 0.5, "damping": 0.85 }
],
"skins": [
	{
		"name": "default",
		"attachments": {
			"arm-left": {
				"block": { "x": 48, "scaleX": 0.5, "rotation": 90, "width": 64, "height": 64 }
			},
			"arm-right": {
				"block": { "x": 48, "scaleX": 0.5, "rotation": 90, "width": 64, "height": 64 }
			},
			"block": {
				"block": { "x": 40, "scaleX": 0.5, "rotation": 90, "width": 64, "height": 64 }
			},
			"block2": {
				"block": { "x": 40, "scaleX": 0.5, "rotation": 90, "width": 64, "height": 64 }
			},
			"corpus": {
				"block": { "rotation": -90, "width": 64, "height": 64 }
			},
			"leg-left": {
				"block": { "x": 32, "scaleX": 0.5, "rotation": 90, "width": 64, "height": 64 }
			},
			"leg-right": {
				"block": { "x": 32, "scaleX": 0.5, "rotation": 90, "width": 64, "height": 64 }
			},
			"smile": {
				"smile": { "y": 2, "rotation": 90, "width": 64, "height": 64 }
			}
		}
	}
],
"animations": {
	"idle": {
		"bones": {
			"left-target": {
				"translate": [
					{ "x": 189.46, "y": 76.67, "curve": "stepped" },
					{
						"time": 0.6667,
						"x": 189.46,
						"y": 76.67,
						"curve": [ 0.778, 189.46, 0.889, 86.72, 0.778, 76.67, 0.889, 157.63 ]
					},
					{
						"time": 1,
						"x": 86.72,
						"y": 157.63,
						"curve": [ 1.111, 86.72, 1.222, 189.46, 1.111, 157.63, 1.222, 76.67 ]
					},
					{ "time": 1.3333, "x": 189.46, "y": 76.67 }
				]
			},
			"right-target": {
				"translate": [
					{
						"x": -190.43,
						"y": 77.06,
						"curve": [ 0.111, -190.43, 0.222, -60.13, 0.111, 77.06, 0.222, 155.98 ]
					},
					{
						"time": 0.3333,
						"x": -60.13,
						"y": 155.98,
						"curve": [ 0.444, -60.13, 0.556, -190.43, 0.444, 155.98, 0.556, 77.06 ]
					},
					{
						"time": 0.6667,
						"x": -190.43,
						"y": 77.06,
						"curve": [ 0.889, -190.43, 1.111, -190.43, 0.889, 77.06, 1.111, 77.06 ]
					},
					{ "time": 1.3333, "x": -190.43, "y": 77.06 }
				]
			},
			"corpus": {
				"rotate": [
					{
						"curve": [ 0.111, 12.69, 0.222, 41.69 ]
					},
					{
						"time": 0.3333,
						"value": 41.69,
						"curve": [ 0.444, 41.69, 0.556, 12.69 ]
					},
					{
						"time": 0.6667,
						"curve": [ 0.778, -12.69, 0.889, -34.48 ]
					},
					{
						"time": 1,
						"value": -34.48,
						"curve": [ 1.111, -34.48, 1.222, -12.69 ]
					},
					{ "time": 1.3333 }
				],
				"translate": [
					{
						"x": 2.02,
						"y": -7.49,
						"curve": [ 0.111, 22.44, 0.222, 72.43, 0.111, -7.49, 0.222, 18.58 ]
					},
					{
						"time": 0.3333,
						"x": 72.43,
						"y": 18.58,
						"curve": [ 0.444, 72.43, 0.556, 22.44, 0.444, 18.58, 0.556, -7.49 ]
					},
					{
						"time": 0.6667,
						"x": 2.02,
						"y": -7.49,
						"curve": [ 0.778, -18.4, 0.889, -50.11, 0.778, -7.49, 0.889, 16.63 ]
					},
					{
						"time": 1,
						"x": -50.11,
						"y": 16.63,
						"curve": [ 1.111, -50.11, 1.222, -18.4, 1.111, 16.63, 1.222, -7.49 ]
					},
					{ "time": 1.3333, "x": 2.02, "y": -7.49 }
				]
			},
			"root": {
				"translate": [
					{ "y": -100 }
				]
			}
		}
	}
}
}